trial_id,factor,level,seed,end_reason,geometric_converged,success,formal_candidate,convergence_seconds,hold_seconds_observed,final_error_mean_px,final_error_max_px,controller_stale_warning_count,git_commit,fx,fy,control_rate,trajectory_duration,noise_sigma,clock_events_count,anomalies
phase4_noise_formal_sigma0_seed1001_01,image_noise,sigma=0,1001,converged,True,True,True,3.231690626999807,3.037873344000218,3.2510915490744763,3.605551275463989,0,18d2e5762ecb97df23933351d7691101bcdd6a1a,554.38,554.38,10.0,0.025,0.0,0,
phase4_noise_formal_sigma0_seed1002_01,image_noise,sigma=0,1002,converged,True,True,True,3.67473954199977,3.02981429700003,3.928855129998904,4.47213595499958,0,18d2e5762ecb97df23933351d7691101bcdd6a1a,554.38,554.38,10.0,0.025,0.0,0,
phase4_noise_formal_sigma0_seed1003_01,image_noise,sigma=0,1003,converged,True,False,False,3.9793097540000417,3.0083118319998903,3.7545657395349123,4.242640687119285,0,18d2e5762ecb97df23933351d7691101bcdd6a1a,554.38,554.38,10.0,0.025,0.0,1,clock_events
phase4_noise_formal_sigma0_seed1003_02,image_noise,sigma=0,1003,converged,True,False,False,3.778121944000304,3.0136602409997977,3.5676434021025014,4.242640687119285,0,18d2e5762ecb97df23933351d7691101bcdd6a1a,554.38,554.38,10.0,0.025,0.0,1,clock_events
phase4_noise_formal_sigma0_seed1003_03,image_noise,sigma=0,1003,converged,True,True,True,3.952952462999747,3.0308718130008856,4.0090955699233435,4.47213595499958,0,18d2e5762ecb97df23933351d7691101bcdd6a1a,554.38,554.38,10.0,0.025,0.0,0,
phase4_noise_formal_sigma5_seed1001_01,image_noise,sigma=5,1001,converged,True,True,True,4.359629904999565,3.023460963000616,2.532587760346159,2.8284271247461903,0,18d2e5762ecb97df23933351d7691101bcdd6a1a,554.38,554.38,10.0,0.025,5.0,0,
phase4_noise_formal_sigma5_seed1002_01,image_noise,sigma=5,1002,converged,True,False,False,4.181531314000495,3.0101701909998155,2.0744792248469115,3.605551275463989,0,18d2e5762ecb97df23933351d7691101bcdd6a1a,554.38,554.38,10.0,0.025,5.0,2,clock_events
phase4_noise_formal_sigma5_seed1003_01,image_noise,sigma=5,1003,converged,True,False,False,4.085196450000694,3.026039208999464,2.557326524172767,3.605551275463989,1,18d2e5762ecb97df23933351d7691101bcdd6a1a,554.38,554.38,10.0,0.025,5.0,2,controller_stale_warning_count;clock_events
phase4_noise_formal_sigma10_seed1001_01,image_noise,sigma=10,1001,converged,True,True,True,4.487800562000302,3.0450349459997597,3.4010606519913535,4.242640687119285,0,18d2e5762ecb97df23933351d7691101bcdd6a1a,554.38,554.38,10.0,0.025,10.0,0,
phase4_noise_formal_sigma10_seed1002_01,image_noise,sigma=10,1002,startup_timeout,False,False,False,,,,,0,18d2e5762ecb97df23933351d7691101bcdd6a1a,554.38,554.38,10.0,0.025,10.0,2,clock_events;execution_error;effective_parameters_unverified;first_command_unverified
phase4_noise_formal_sigma10_seed1003_01,image_noise,sigma=10,1003,converged,True,False,False,3.5332013659999575,3.0327756269998645,3.8035250516412265,4.242640687119285,0,18d2e5762ecb97df23933351d7691101bcdd6a1a,554.38,554.38,10.0,0.025,10.0,2,clock_events
phase4_noise_formal_sigma20_seed1001_01,image_noise,sigma=20,1001,converged,True,False,False,4.059023892999903,3.0307855920000293,2.9420534500454614,3.605551275463989,1,18d2e5762ecb97df23933351d7691101bcdd6a1a,554.38,554.38,10.0,0.025,20.0,2,controller_stale_warning_count;clock_events
phase4_noise_formal_sigma20_seed1002_01,image_noise,sigma=20,1002,converged,True,True,True,7.0172693980002805,3.043628587999592,2.567434157914942,4.242640687119285,0,18d2e5762ecb97df23933351d7691101bcdd6a1a,554.38,554.38,10.0,0.025,20.0,0,
phase4_noise_formal_sigma20_seed1003_01,image_noise,sigma=20,1003,converged,True,False,False,4.6708534100007455,3.049668799999381,3.159546831023835,3.605551275463989,0,18d2e5762ecb97df23933351d7691101bcdd6a1a,554.38,554.38,10.0,0.025,20.0,2,clock_events
phase4_intrinsics_scale080_repeat01,intrinsics,scale=0.8,1001,converged,True,False,False,9.484077959000388,3.0521133009997357,3.98784344405468,4.47213595499958,0,18d2e5762ecb97df23933351d7691101bcdd6a1a,443.504,443.504,10.0,0.025,0.0,2,clock_events
phase4_intrinsics_scale080_repeat02,intrinsics,scale=0.8,1002,converged,True,False,False,6.604204676999871,3.0295048990001305,4.081061493400352,4.47213595499958,2,18d2e5762ecb97df23933351d7691101bcdd6a1a,443.504,443.504,10.0,0.025,0.0,2,controller_stale_warning_count;clock_events
phase4_intrinsics_scale080_repeat03,intrinsics,scale=0.8,1003,converged,True,False,False,4.161105951999161,3.033925830000044,3.8711714192465223,4.242640687119285,2,18d2e5762ecb97df23933351d7691101bcdd6a1a,443.504,443.504,10.0,0.025,0.0,2,controller_stale_warning_count;clock_events
phase4_intrinsics_scale090_repeat01,intrinsics,scale=0.9,1001,converged,True,True,True,12.213102697999602,3.0217944420001004,3.8673403030897213,4.242640687119285,0,18d2e5762ecb97df23933351d7691101bcdd6a1a,498.942,498.942,10.0,0.025,0.0,0,
phase4_intrinsics_scale090_repeat02,intrinsics,scale=0.9,1002,converged,True,True,True,4.997486773999299,3.0229520279999633,3.2536671378271165,3.605551275463989,0,18d2e5762ecb97df23933351d7691101bcdd6a1a,498.942,498.942,10.0,0.025,0.0,0,
phase4_intrinsics_scale090_repeat03,intrinsics,scale=0.9,1003,converged,True,False,False,5.913280300999759,3.0164465860007112,3.313143426005759,3.605551275463989,0,18d2e5762ecb97df23933351d7691101bcdd6a1a,498.942,498.942,10.0,0.025,0.0,2,clock_events
phase4_intrinsics_scale110_repeat01,intrinsics,scale=1.1,1001,converged,True,True,True,3.101959392000026,3.027125863999572,3.254110609060025,3.605551275463989,0,18d2e5762ecb97df23933351d7691101bcdd6a1a,609.818,609.818,10.0,0.025,0.0,0,
phase4_intrinsics_scale110_repeat02,intrinsics,scale=1.1,1002,converged,True,False,False,4.625222143999963,3.0576093310000942,3.2294638013079844,3.605551275463989,0,18d2e5762ecb97df23933351d7691101bcdd6a1a,609.818,609.818,10.0,0.025,0.0,2,clock_events
phase4_intrinsics_scale110_repeat03,intrinsics,scale=1.1,1003,converged,True,False,False,4.411943150999832,3.01348993099964,2.820747154394226,3.605551275463989,0,18d2e5762ecb97df23933351d7691101bcdd6a1a,609.818,609.818,10.0,0.025,0.0,2,clock_events
phase4_intrinsics_scale120_repeat01,intrinsics,scale=1.2,1001,converged,True,True,True,3.1757932989994515,3.004227512000398,3.1287302474004353,3.605551275463989,0,18d2e5762ecb97df23933351d7691101bcdd6a1a,665.256,665.256,10.0,0.025,0.0,0,
phase4_intrinsics_scale120_repeat02,intrinsics,scale=1.2,1002,converged,True,False,False,3.0022373849997166,3.0239735249997466,3.064098876700259,3.605551275463989,0,18d2e5762ecb97df23933351d7691101bcdd6a1a,665.256,665.256,10.0,0.025,0.0,2,clock_events
phase4_intrinsics_scale120_repeat03,intrinsics,scale=1.2,1003,converged,True,False,False,3.1345915659994716,3.003062976000365,2.0412452815587434,2.8284271247461903,2,18d2e5762ecb97df23933351d7691101bcdd6a1a,665.256,665.256,10.0,0.025,0.0,2,controller_stale_warning_count;clock_events
phase4_frequency_hz20_repeat01,frequency_duration,"rate=20Hz,duration=0.0125s",1001,converged,True,True,True,8.074006511999869,3.0143328610001845,1.214748342167848,4.242640687119285,0,18d2e5762ecb97df23933351d7691101bcdd6a1a,554.38,554.38,20.0,0.0125,0.0,0,
phase4_frequency_hz20_repeat02,frequency_duration,"rate=20Hz,duration=0.0125s",1002,converged,True,False,False,7.925959654000508,3.0129998639995392,1.2872901016308742,4.242640687119285,0,18d2e5762ecb97df23933351d7691101bcdd6a1a,554.38,554.38,20.0,0.0125,0.0,2,clock_events
phase4_frequency_hz20_repeat03,frequency_duration,"rate=20Hz,duration=0.0125s",1003,converged,True,False,False,7.970187641999473,3.0066273170004933,0.7981904585354292,4.242640687119285,2,18d2e5762ecb97df23933351d7691101bcdd6a1a,554.38,554.38,20.0,0.0125,0.0,2,controller_stale_warning_count;clock_events
phase4_frequency_hz5_repeat01,frequency_duration,"rate=5Hz,duration=0.05s",1001,observation_timeout,False,False,False,,,4.871235323767695,11.180339887498949,2,18d2e5762ecb97df23933351d7691101bcdd6a1a,554.38,554.38,5.0,0.05,0.0,2,controller_stale_warning_count;clock_events
phase4_frequency_hz5_repeat02,frequency_duration,"rate=5Hz,duration=0.05s",1002,startup_timeout,False,False,False,,,,,0,18d2e5762ecb97df23933351d7691101bcdd6a1a,554.38,554.38,5.0,0.05,0.0,2,clock_events;execution_error;effective_parameters_unverified;first_command_unverified
phase4_frequency_hz5_repeat03,frequency_duration,"rate=5Hz,duration=0.05s",1003,observation_timeout,False,False,False,,,4.058889233784482,7.0710678118654755,2,18d2e5762ecb97df23933351d7691101bcdd6a1a,554.38,554.38,5.0,0.05,0.0,4,controller_stale_warning_count;clock_events
phase4_frequency_hz2_repeat01,frequency_duration,"rate=2Hz,duration=0.125s",1001,observation_timeout,False,False,False,,,,,12,18d2e5762ecb97df23933351d7691101bcdd6a1a,554.38,554.38,2.0,0.125,0.0,2,stale_intervals;controller_stale_warning_count;clock_events
phase4_frequency_hz2_repeat02,frequency_duration,"rate=2Hz,duration=0.125s",1002,observation_timeout,False,False,False,,,25.133496916260565,42.720018726587654,2,18d2e5762ecb97df23933351d7691101bcdd6a1a,554.38,554.38,2.0,0.125,0.0,2,controller_stale_warning_count;clock_events
phase4_frequency_hz2_repeat03,frequency_duration,"rate=2Hz,duration=0.125s",1003,startup_timeout,False,False,False,,,,,0,18d2e5762ecb97df23933351d7691101bcdd6a1a,554.38,554.38,2.0,0.125,0.0,2,clock_events;execution_error;effective_parameters_unverified;first_command_unverified
